ClaimNumber,ID,HIFinancePayout_Ext,CoverageID,State,RemainingReserves,AvailableReserves,Exposure
CLM000589,EXP00001,30848.38,COV00001,Closed,6017.21,11341.67,Correct
CLM000252,EXP00002,7211.3,COV00002,Open,21533.92,26878.19,Incorrect
CLM000704,EXP00003,36263.36,COV00003,Open,12916.06,13953.34,Incorrect
CLM000082,EXP00004,10382.89,COV00004,Closed,9736.14,19759.53,Correct
CLM000400,EXP00005,43122.65,COV00005,Open,10501.35,28063.6,Correct
CLM000204,EXP00006,24103.5,COV00006,Open,17084.76,21312.19,Correct
CLM000267,EXP00007,6896.39,COV00007,Open,19750.99,9277.38,Correct
CLM000235,EXP00008,9461.67,COV00008,Open,623.25,17520.23,Correct
CLM000016,EXP00009,15841.42,COV00009,Open,13781.4,19651.35,Incorrect
CLM000182,EXP00010,8235.74,COV00010,Open,1986.0,21512.4,Correct
CLM000707,EXP00011,40853.5,COV00011,Open,19302.47,853.09,Correct
CLM000049,EXP00012,40136.66,COV00012,Open,11610.46,1417.55,Incorrect
CLM000548,EXP00013,43210.45,COV00013,Open,5929.51,9321.92,Incorrect
CLM000544,EXP00014,17101.03,COV00014,Closed,2438.15,1543.17,Correct
CLM000911,EXP00015,26904.07,COV00015,Closed,5808.47,20792.66,Incorrect
CLM000675,EXP00016,43635.38,COV00016,Closed,20757.82,26116.48,Incorrect
CLM000573,EXP00017,5256.52,COV00017,Open,24974.73,3001.23,Correct
CLM000583,EXP00018,5056.79,COV00018,Open,28486.02,5046.89,Incorrect
CLM000988,EXP00019,22741.05,COV00019,Closed,24763.58,29030.26,Incorrect
CLM000567,EXP00020,44102.86,COV00020,Open,19278.98,6853.23,Incorrect
CLM000531,EXP00021,38490.45,COV00021,Open,2721.15,18186.03,Incorrect
CLM000022,EXP00022,44414.52,COV00022,Open,11661.3,12815.52,Correct
CLM000711,EXP00023,47362.17,COV00023,Closed,23479.23,3130.18,Correct
CLM000539,EXP00024,42603.9,COV00024,Closed,15210.14,3687.33,Incorrect
CLM000597,EXP00025,46143.44,COV00025,Open,13201.05,28014.08,Correct
CLM000373,EXP00026,19173.29,COV00026,Open,719.33,21475.06,Correct
CLM000332,EXP00027,21758.26,COV00027,Closed,8760.58,28667.3,Correct
CLM000259,EXP00028,43920.54,COV00028,Open,12716.76,21696.74,Correct
CLM000466,EXP00029,9516.91,COV00029,Open,29599.86,7291.12,Incorrect
CLM000899,EXP00030,19122.39,COV00030,Closed,23910.81,14582.55,Incorrect
CLM000058,EXP00031,9366.56,COV00031,Open,25319.61,14448.84,Correct
CLM000065,EXP00032,32589.3,COV00032,Open,20681.26,1847.16,Correct
CLM000444,EXP00033,43007.6,COV00033,Open,4955.08,4997.29,Correct
CLM000324,EXP00034,22870.33,COV00034,Closed,25373.25,24021.49,Incorrect
CLM000214,EXP00035,41225.98,COV00035,Closed,21841.85,4383.18,Incorrect
CLM000080,EXP00036,4796.93,COV00036,Closed,4590.55,27320.11,Correct
CLM000369,EXP00037,18032.57,COV00037,Open,19818.27,10816.63,Incorrect
CLM000649,EXP00038,5242.16,COV00038,Open,8193.52,26328.53,Correct
CLM000568,EXP00039,14174.62,COV00039,Open,3717.46,1734.34,Correct
CLM000192,EXP00040,46419.05,COV00040,Open,28547.56,16175.87,Correct
CLM000701,EXP00041,34475.85,COV00041,Open,6790.49,1939.62,Correct
CLM000481,EXP00042,6144.21,COV00042,Open,20676.69,21840.37,Incorrect
CLM000926,EXP00043,4324.26,COV00043,Closed,20910.13,29288.53,Incorrect
CLM000975,EXP00044,18493.75,COV00044,Closed,9528.51,23062.84,Correct
CLM000096,EXP00045,8762.0,COV00045,Open,29907.77,19206.31,Correct
CLM000320,EXP00046,37732.19,COV00046,Closed,23944.49,19086.26,Incorrect
CLM000360,EXP00047,11589.06,COV00047,Closed,25265.67,2493.46,Incorrect
CLM000996,EXP00048,3741.32,COV00048,Closed,5812.54,24295.33,Correct
CLM000455,EXP00049,39269.84,COV00049,Closed,15962.45,12113.76,Incorrect
CLM000942,EXP00050,5157.52,COV00050,Closed,25988.47,17903.74,Correct
CLM000538,EXP00051,28954.54,COV00051,Open,7531.77,17125.89,Correct
CLM000730,EXP00052,41369.01,COV00052,Closed,572.63,22670.59,Incorrect
CLM000544,EXP00053,25307.9,COV00053,Closed,23343.36,9008.74,Correct
CLM000524,EXP00054,29913.14,COV00054,Closed,14773.43,17710.1,Incorrect
CLM000586,EXP00055,19250.52,COV00055,Open,20475.78,26908.43,Incorrect
CLM000457,EXP00056,38401.38,COV00056,Closed,21330.83,6559.8,Incorrect
CLM000375,EXP00057,8205.17,COV00057,Closed,6541.3,4086.2,Incorrect
CLM000627,EXP00058,19294.01,COV00058,Closed,15169.51,24430.52,Correct
CLM000199,EXP00059,45546.72,COV00059,Open,697.13,905.78,Correct
CLM000133,EXP00060,21049.29,COV00060,Closed,14477.62,8964.4,Incorrect
CLM000941,EXP00061,28340.76,COV00061,Closed,13947.7,9914.32,Correct
CLM000225,EXP00062,19967.52,COV00062,Open,14244.11,15541.57,Incorrect
CLM000489,EXP00063,6919.75,COV00063,Open,11825.34,28023.64,Incorrect
CLM000216,EXP00064,31279.36,COV00064,Closed,26211.78,21997.75,Incorrect
CLM000939,EXP00065,19122.23,COV00065,Open,15850.38,10359.43,Incorrect
CLM000009,EXP00066,24540.77,COV00066,Closed,25941.84,28579.91,Incorrect
CLM000039,EXP00067,11545.13,COV00067,Closed,28502.42,25326.54,Incorrect
CLM000647,EXP00068,9226.02,COV00068,Open,17414.2,17060.07,Correct
CLM000155,EXP00069,14976.19,COV00069,Closed,14146.26,8842.6,Incorrect
CLM000462,EXP00070,25349.8,COV00070,Open,22842.56,18937.81,Incorrect
CLM000515,EXP00071,28711.43,COV00071,Open,22087.45,21838.3,Correct
CLM000374,EXP00072,32232.0,COV00072,Open,16127.63,20684.1,Correct
CLM000975,EXP00073,42827.42,COV00073,Open,23516.31,18997.59,Incorrect
CLM000501,EXP00074,43491.35,COV00074,Closed,4341.19,1242.05,Incorrect
CLM000969,EXP00075,13128.09,COV00075,Closed,22186.12,27629.85,Incorrect
CLM000552,EXP00076,18067.05,COV00076,Open,23347.58,20541.01,Correct
CLM000476,EXP00077,10549.96,COV00077,Closed,960.56,5692.19,Correct
CLM000979,EXP00078,6563.39,COV00078,Open,7336.92,11185.35,Correct
CLM000676,EXP00079,13545.95,COV00079,Open,12510.51,3019.1,Incorrect
CLM000834,EXP00080,31657.3,COV00080,Closed,26458.84,28769.0,Correct
CLM000617,EXP00081,42329.56,COV00081,Closed,25836.54,29309.63,Incorrect
CLM000115,EXP00082,16757.54,COV00082,Open,10060.31,9518.13,Correct
CLM000902,EXP00083,17314.98,COV00083,Closed,24622.13,26470.15,Correct
CLM000490,EXP00084,24936.03,COV00084,Closed,7303.05,6969.76,Correct
CLM000153,EXP00085,2840.73,COV00085,Closed,26282.59,27965.93,Incorrect
CLM000137,EXP00086,4164.77,COV00086,Open,25119.91,8977.8,Incorrect
CLM000199,EXP00087,43790.23,COV00087,Open,11268.65,6802.83,Correct
CLM000639,EXP00088,27119.55,COV00088,Closed,5902.62,3920.65,Incorrect
CLM000655,EXP00089,3560.52,COV00089,Closed,29129.54,29454.64,Correct
CLM000622,EXP00090,15236.36,COV00090,Closed,18853.14,28086.9,Correct
CLM000549,EXP00091,12233.94,COV00091,Open,1936.82,1520.52,Incorrect
CLM000187,EXP00092,12076.69,COV00092,Closed,17703.87,22834.99,Incorrect
CLM000276,EXP00093,38512.53,COV00093,Closed,15423.89,29559.46,Correct
CLM000036,EXP00094,33572.67,COV00094,Open,23357.27,2181.1,Incorrect
CLM000622,EXP00095,4011.02,COV00095,Open,18319.6,20954.61,Correct
CLM000497,EXP00096,32746.7,COV00096,Closed,18954.64,21723.31,Incorrect
CLM000728,EXP00097,48307.17,COV00097,Open,25195.17,696.74,Correct
CLM000211,EXP00098,37330.14,COV00098,Closed,3923.66,17505.49,Correct
CLM000237,EXP00099,46413.75,COV00099,Open,3001.9,16487.29,Correct
CLM000405,EXP00100,13433.19,COV00100,Closed,1069.44,12057.58,Incorrect
CLM000754,EXP00101,20529.77,COV00101,Closed,29485.22,3353.2,Correct
CLM000552,EXP00102,48442.86,COV00102,Open,22050.61,21440.62,Correct
CLM000852,EXP00103,2568.62,COV00103,Closed,18783.09,15636.82,Correct
CLM000152,EXP00104,27485.57,COV00104,Closed,9801.59,18960.73,Incorrect
CLM000145,EXP00105,11860.18,COV00105,Closed,6947.05,21068.04,Incorrect
CLM000688,EXP00106,3760.2,COV00106,Closed,28445.32,26154.91,Incorrect
CLM000320,EXP00107,45364.27,COV00107,Open,8373.97,20892.72,Correct
CLM000559,EXP00108,22017.28,COV00108,Closed,29729.86,1184.05,Incorrect
CLM000409,EXP00109,10308.18,COV00109,Open,22098.19,3294.11,Incorrect
CLM000861,EXP00110,3225.5,COV00110,Open,741.28,8078.64,Incorrect
CLM000803,EXP00111,3622.53,COV00111,Open,25459.58,19697.65,Correct
CLM000448,EXP00112,29667.82,COV00112,Closed,16395.39,7531.45,Correct
CLM000151,EXP00113,45689.26,COV00113,Closed,24593.84,21906.03,Correct
CLM000606,EXP00114,14688.06,COV00114,Open,5811.38,23681.33,Incorrect
CLM000816,EXP00115,16586.83,COV00115,Closed,14489.73,9660.11,Correct
CLM000612,EXP00116,41543.79,COV00116,Closed,21171.43,8490.48,Correct
CLM000941,EXP00117,25263.51,COV00117,Open,9187.01,12147.59,Incorrect
CLM000016,EXP00118,1297.97,COV00118,Open,11008.29,29585.25,Incorrect
CLM000615,EXP00119,21089.81,COV00119,Closed,12767.38,787.68,Correct
CLM000220,EXP00120,26361.61,COV00120,Open,24947.5,9605.54,Incorrect
CLM000409,EXP00121,13075.01,COV00121,Closed,3938.93,6184.21,Correct
CLM000200,EXP00122,16370.27,COV00122,Open,27655.91,24838.32,Correct
CLM000359,EXP00123,44713.82,COV00123,Open,24851.81,14383.67,Correct
CLM000809,EXP00124,26985.24,COV00124,Closed,15912.62,24703.37,Incorrect
CLM000490,EXP00125,27583.09,COV00125,Closed,16669.51,15293.17,Correct
CLM000141,EXP00126,10330.02,COV00126,Closed,15861.56,9891.56,Incorrect
CLM000073,EXP00127,6979.57,COV00127,Closed,29660.84,28611.62,Correct
CLM000656,EXP00128,31488.91,COV00128,Open,22051.62,19365.69,Incorrect
CLM000914,EXP00129,43269.47,COV00129,Closed,22992.52,12787.05,Incorrect
CLM000208,EXP00130,37757.54,COV00130,Open,5233.67,21059.01,Incorrect
CLM000441,EXP00131,40263.01,COV00131,Closed,7870.77,24158.39,Correct
CLM000250,EXP00132,33162.56,COV00132,Closed,19478.92,17357.34,Incorrect
CLM000863,EXP00133,33041.69,COV00133,Open,12474.23,7273.2,Incorrect
CLM000730,EXP00134,26321.09,COV00134,Closed,2918.07,29499.52,Correct
CLM000553,EXP00135,36634.14,COV00135,Closed,11737.44,16479.6,Incorrect
CLM000118,EXP00136,41508.48,COV00136,Open,10580.91,7668.94,Correct
CLM000320,EXP00137,7117.61,COV00137,Open,28924.66,7765.91,Incorrect
CLM000241,EXP00138,7689.07,COV00138,Open,9277.79,24575.43,Incorrect
CLM000575,EXP00139,33541.17,COV00139,Open,5737.78,5043.1,Incorrect
CLM000475,EXP00140,26714.07,COV00140,Closed,26331.31,26584.3,Correct
CLM000583,EXP00141,10460.59,COV00141,Closed,2911.97,10959.64,Incorrect
CLM000081,EXP00142,12400.92,COV00142,Open,15569.47,18347.04,Correct
CLM000078,EXP00143,43483.27,COV00143,Closed,14332.2,18385.0,Correct
CLM000910,EXP00144,32472.77,COV00144,Open,28074.68,21753.37,Incorrect
CLM000837,EXP00145,27353.75,COV00145,Open,2893.96,1903.24,Correct
CLM000455,EXP00146,17637.41,COV00146,Closed,17617.86,9718.44,Correct
CLM000471,EXP00147,8694.58,COV00147,Open,13220.95,29761.03,Correct
CLM000838,EXP00148,42726.62,COV00148,Open,6706.31,9658.84,Correct
CLM000696,EXP00149,7922.84,COV00149,Open,3636.04,7129.5,Correct
CLM000063,EXP00150,31346.63,COV00150,Closed,9240.05,25130.25,Correct
CLM000556,EXP00151,38741.27,COV00151,Closed,27906.57,3820.95,Correct
CLM000408,EXP00152,37636.6,COV00152,Closed,2646.96,20868.38,Correct
CLM000431,EXP00153,34383.52,COV00153,Open,528.98,6694.57,Correct
CLM000504,EXP00154,8851.83,COV00154,Closed,5270.17,28209.46,Incorrect
CLM000181,EXP00155,45142.68,COV00155,Closed,3444.32,15271.34,Incorrect
CLM000980,EXP00156,44027.03,COV00156,Open,22503.53,26511.0,Incorrect
CLM000154,EXP00157,39235.69,COV00157,Closed,15671.85,17893.38,Incorrect
CLM000285,EXP00158,8753.85,COV00158,Closed,8969.41,19856.76,Incorrect
CLM000368,EXP00159,8205.61,COV00159,Closed,27741.01,22365.99,Correct
CLM000609,EXP00160,30542.51,COV00160,Closed,27417.71,15473.72,Incorrect
CLM000589,EXP00161,8335.49,COV00161,Open,5614.81,6128.43,Incorrect
CLM000963,EXP00162,49294.34,COV00162,Closed,12553.99,8606.21,Incorrect
CLM000082,EXP00163,9484.91,COV00163,Closed,631.15,9875.07,Correct
CLM000910,EXP00164,42706.34,COV00164,Open,8398.58,14546.72,Correct
CLM000302,EXP00165,36543.91,COV00165,Open,14427.25,8094.39,Incorrect
CLM000181,EXP00166,43208.85,COV00166,Closed,15713.7,16161.96,Correct
CLM000481,EXP00167,16377.9,COV00167,Open,16432.72,7800.42,Correct
CLM000593,EXP00168,48894.83,COV00168,Closed,20753.55,22746.78,Incorrect
CLM000674,EXP00169,39108.14,COV00169,Open,26016.49,24489.89,Incorrect
CLM000850,EXP00170,6307.33,COV00170,Open,26805.21,8956.56,Incorrect
CLM000793,EXP00171,12149.43,COV00171,Open,15268.7,5202.53,Correct
CLM000731,EXP00172,9237.63,COV00172,Open,14799.05,1058.33,Incorrect
CLM000357,EXP00173,32541.51,COV00173,Open,10196.62,906.81,Incorrect
CLM000273,EXP00174,26741.35,COV00174,Open,16576.19,19651.13,Incorrect
CLM000867,EXP00175,29794.57,COV00175,Closed,28870.41,13298.29,Correct
CLM000819,EXP00176,16610.09,COV00176,Closed,4869.42,19877.42,Correct
CLM000360,EXP00177,13483.08,COV00177,Open,21251.96,25587.72,Incorrect
CLM000291,EXP00178,32787.34,COV00178,Closed,11601.45,19116.22,Incorrect
CLM000149,EXP00179,34608.27,COV00179,Open,10826.22,25509.58,Correct
CLM000294,EXP00180,20965.77,COV00180,Open,17114.44,28224.87,Correct
CLM000391,EXP00181,31535.06,COV00181,Open,25640.56,15344.43,Incorrect
CLM000131,EXP00182,44340.42,COV00182,Open,22295.7,24614.41,Correct
CLM000496,EXP00183,6658.02,COV00183,Open,7178.56,15598.89,Correct
CLM000809,EXP00184,34280.9,COV00184,Closed,750.6,8207.07,Incorrect
CLM000264,EXP00185,32696.27,COV00185,Open,20798.89,29786.15,Correct
CLM000728,EXP00186,18425.41,COV00186,Closed,13374.62,11744.32,Incorrect
CLM000043,EXP00187,29915.48,COV00187,Open,21477.9,22230.12,Incorrect
CLM000067,EXP00188,37489.43,COV00188,Closed,17535.79,12517.35,Incorrect
CLM000673,EXP00189,4232.05,COV00189,Closed,18572.66,14688.74,Incorrect
CLM000454,EXP00190,7005.55,COV00190,Closed,21040.01,27555.13,Incorrect
CLM000214,EXP00191,42366.47,COV00191,Open,2866.97,15129.7,Correct
CLM000756,EXP00192,26689.51,COV00192,Open,9453.35,25528.79,Incorrect
CLM000586,EXP00193,28426.23,COV00193,Closed,29029.72,17556.95,Incorrect
CLM000012,EXP00194,14212.07,COV00194,Open,25968.55,23348.92,Correct
CLM000437,EXP00195,19493.2,COV00195,Open,22888.9,13277.95,Incorrect
CLM000321,EXP00196,21855.48,COV00196,Closed,28293.72,9007.67,Correct
CLM000387,EXP00197,24703.36,COV00197,Open,13880.27,2664.77,Correct
CLM000944,EXP00198,44794.54,COV00198,Closed,27253.99,1660.59,Correct
CLM000680,EXP00199,10428.6,COV00199,Open,18978.3,29220.58,Incorrect
CLM000743,EXP00200,47573.73,COV00200,Closed,15931.2,12643.53,Correct
CLM000122,EXP00201,19962.77,COV00201,Closed,9934.72,21272.93,Incorrect
CLM000895,EXP00202,8716.04,COV00202,Closed,16286.6,16632.48,Correct
CLM000932,EXP00203,4405.82,COV00203,Closed,21056.85,11469.96,Correct
CLM000747,EXP00204,39998.22,COV00204,Closed,10586.69,6551.87,Incorrect
CLM000285,EXP00205,40545.54,COV00205,Open,21748.91,29238.97,Incorrect
CLM000485,EXP00206,30057.72,COV00206,Closed,16387.78,12063.07,Incorrect
CLM000047,EXP00207,25309.53,COV00207,Open,25166.17,7118.36,Correct
CLM000895,EXP00208,17978.9,COV00208,Closed,22549.35,2833.34,Incorrect
CLM000464,EXP00209,30128.34,COV00209,Open,22287.91,6048.77,Correct
CLM000641,EXP00210,31126.99,COV00210,Open,26784.32,10682.66,Correct
CLM000632,EXP00211,49381.32,COV00211,Closed,4214.84,5590.22,Incorrect
CLM000962,EXP00212,36240.15,COV00212,Open,3072.97,25223.51,Incorrect
CLM000464,EXP00213,23160.13,COV00213,Open,27236.3,3753.57,Incorrect
CLM000904,EXP00214,32151.79,COV00214,Open,3392.73,28505.24,Correct
CLM000462,EXP00215,21137.4,COV00215,Closed,23581.46,23420.24,Correct
CLM000321,EXP00216,37693.39,COV00216,Open,11650.67,6048.02,Correct
CLM000526,EXP00217,48684.41,COV00217,Closed,18007.76,20440.2,Correct
CLM000538,EXP00218,24289.19,COV00218,Open,25007.18,26880.58,Correct
CLM000638,EXP00219,25925.08,COV00219,Open,14814.21,9664.79,Incorrect
CLM000126,EXP00220,12237.46,COV00220,Open,12468.12,20221.04,Correct
CLM000845,EXP00221,4272.25,COV00221,Closed,1769.36,14934.2,Correct
CLM000845,EXP00222,39834.52,COV00222,Open,9288.46,8209.45,Correct
CLM000227,EXP00223,30022.82,COV00223,Closed,9897.17,14075.55,Incorrect
CLM000225,EXP00224,25316.93,COV00224,Open,9997.2,21833.53,Incorrect
CLM000081,EXP00225,45404.7,COV00225,Closed,25698.24,5092.86,Incorrect
CLM000785,EXP00226,21970.34,COV00226,Open,18745.57,9683.29,Incorrect
CLM000454,EXP00227,40683.22,COV00227,Open,24149.87,9856.65,Incorrect
CLM000159,EXP00228,11849.5,COV00228,Open,14973.8,24478.47,Incorrect
CLM000131,EXP00229,30424.22,COV00229,Closed,6339.59,4813.82,Incorrect
CLM000179,EXP00230,32245.11,COV00230,Closed,9995.7,29877.37,Incorrect
CLM000086,EXP00231,25836.74,COV00231,Open,5708.82,13545.4,Correct
CLM000962,EXP00232,46745.99,COV00232,Closed,25301.5,25186.0,Correct
CLM000982,EXP00233,44478.43,COV00233,Open,12821.93,6919.34,Correct
CLM000427,EXP00234,2884.54,COV00234,Open,28221.94,1339.35,Correct
CLM000973,EXP00235,6045.56,COV00235,Open,28491.79,14611.43,Incorrect
CLM000493,EXP00236,14104.05,COV00236,Closed,5590.08,12049.04,Correct
CLM000890,EXP00237,2771.41,COV00237,Open,12241.83,17123.39,Incorrect
CLM000302,EXP00238,5902.26,COV00238,Open,13874.86,25407.57,Correct
CLM000711,EXP00239,22849.82,COV00239,Open,10251.0,25992.77,Incorrect
CLM000406,EXP00240,3112.1,COV00240,Closed,8299.87,1654.45,Correct
CLM000387,EXP00241,4072.41,COV00241,Open,2229.37,2478.12,Correct
CLM000323,EXP00242,9462.68,COV00242,Open,27424.56,27223.24,Correct
CLM000768,EXP00243,7573.35,COV00243,Closed,26076.35,29661.75,Correct
CLM000445,EXP00244,32777.14,COV00244,Closed,27980.54,3426.34,Correct
CLM000553,EXP00245,25732.41,COV00245,Open,15517.37,5128.9,Incorrect
CLM000407,EXP00246,7232.84,COV00246,Closed,20668.55,5428.58,Incorrect
CLM000284,EXP00247,30619.3,COV00247,Open,25754.34,12512.98,Incorrect
CLM000232,EXP00248,13969.15,COV00248,Open,2605.21,14886.44,Incorrect
CLM000455,EXP00249,42842.31,COV00249,Closed,22312.0,29403.42,Correct
CLM000022,EXP00250,38642.27,COV00250,Open,3508.69,21247.97,Incorrect
CLM000993,EXP00251,49092.01,COV00251,Open,9702.33,8041.56,Correct
CLM000295,EXP00252,1384.38,COV00252,Closed,9623.68,12845.97,Correct
CLM000920,EXP00253,10591.18,COV00253,Closed,8065.05,3509.0,Incorrect
CLM000279,EXP00254,12666.55,COV00254,Closed,26725.59,20277.35,Incorrect
CLM000216,EXP00255,38739.75,COV00255,Open,28663.34,10983.6,Incorrect
CLM000312,EXP00256,44013.38,COV00256,Open,11152.89,13393.14,Correct
CLM000952,EXP00257,11610.08,COV00257,Closed,522.28,14023.42,Incorrect
CLM000332,EXP00258,14639.25,COV00258,Open,8917.75,27350.91,Incorrect
CLM000639,EXP00259,48597.34,COV00259,Closed,3697.46,16880.29,Incorrect
CLM000867,EXP00260,2641.81,COV00260,Closed,13033.41,23349.59,Correct
CLM000691,EXP00261,43819.56,COV00261,Open,4731.48,8094.67,Correct
CLM000709,EXP00262,32749.41,COV00262,Open,13936.08,4164.86,Correct
CLM000332,EXP00263,10241.71,COV00263,Open,7793.73,6935.38,Incorrect
CLM000556,EXP00264,36029.56,COV00264,Closed,8098.89,936.92,Incorrect
CLM000776,EXP00265,12348.0,COV00265,Closed,23645.54,3189.68,Incorrect
CLM000072,EXP00266,2039.54,COV00266,Closed,17178.23,14794.14,Incorrect
CLM000378,EXP00267,20210.88,COV00267,Closed,16716.2,3624.87,Correct
CLM000926,EXP00268,31509.48,COV00268,Closed,18375.31,25431.49,Correct
CLM000989,EXP00269,36248.63,COV00269,Open,21024.83,25593.05,Correct
CLM000567,EXP00270,14801.63,COV00270,Open,16406.91,11867.36,Correct
CLM000140,EXP00271,18045.03,COV00271,Closed,6516.85,23212.69,Correct
CLM000489,EXP00272,31787.32,COV00272,Open,13707.26,2707.93,Incorrect
CLM000714,EXP00273,47591.53,COV00273,Closed,13656.32,28287.27,Incorrect
CLM000533,EXP00274,46164.62,COV00274,Closed,22576.72,12130.09,Correct
CLM000636,EXP00275,38888.5,COV00275,Closed,1774.82,15571.32,Incorrect
CLM000073,EXP00276,20034.88,COV00276,Closed,25397.89,3874.35,Correct
CLM000691,EXP00277,23140.22,COV00277,Closed,11108.3,15791.9,Correct
CLM000631,EXP00278,34008.89,COV00278,Open,28176.71,2256.96,Correct
CLM000292,EXP00279,15205.0,COV00279,Closed,26608.15,1967.86,Correct
CLM000003,EXP00280,30270.42,COV00280,Closed,11657.75,16131.86,Correct
CLM000521,EXP00281,25451.49,COV00281,Closed,11958.15,16016.17,Correct
CLM000429,EXP00282,23093.44,COV00282,Closed,22547.47,4384.51,Incorrect
CLM000824,EXP00283,48243.63,COV00283,Open,24733.55,13324.78,Incorrect
CLM000284,EXP00284,43967.56,COV00284,Closed,20872.32,18207.4,Incorrect
CLM000180,EXP00285,8719.19,COV00285,Open,3099.16,28100.03,Correct
CLM000144,EXP00286,28104.16,COV00286,Closed,660.6,4671.42,Incorrect
CLM000324,EXP00287,7856.43,COV00287,Open,9629.68,13671.91,Incorrect
CLM000502,EXP00288,19617.97,COV00288,Open,25030.7,27957.33,Correct
CLM000680,EXP00289,34625.33,COV00289,Open,18949.33,2391.67,Correct
CLM000405,EXP00290,9678.49,COV00290,Closed,15956.61,1682.79,Correct
CLM000696,EXP00291,28009.55,COV00291,Closed,6403.04,18565.65,Correct
CLM000209,EXP00292,4091.53,COV00292,Closed,6793.43,16412.42,Correct
CLM000594,EXP00293,25223.97,COV00293,Closed,23832.03,4094.22,Incorrect
CLM000774,EXP00294,1978.22,COV00294,Closed,23248.97,27879.9,Correct
CLM000229,EXP00295,13949.07,COV00295,Closed,20214.17,4172.87,Incorrect
CLM000933,EXP00296,30534.89,COV00296,Open,20060.2,1336.34,Correct
CLM000801,EXP00297,6393.84,COV00297,Open,8892.13,1160.5,Correct
CLM000086,EXP00298,19819.75,COV00298,Open,26165.83,27862.73,Incorrect
CLM000068,EXP00299,10912.67,COV00299,Open,7785.9,21027.67,Incorrect
CLM000922,EXP00300,46096.93,COV00300,Closed,19101.0,10471.46,Incorrect
CLM000907,EXP00301,16391.4,COV00301,Closed,27808.72,21014.13,Correct
CLM000689,EXP00302,33405.27,COV00302,Open,20597.21,21271.64,Incorrect
CLM000097,EXP00303,43963.6,COV00303,Open,1019.24,17134.26,Incorrect
CLM000823,EXP00304,10400.28,COV00304,Closed,25214.73,26056.28,Incorrect
CLM000294,EXP00305,11879.34,COV00305,Open,24642.57,23761.24,Incorrect
CLM000626,EXP00306,1629.31,COV00306,Open,8422.82,22517.13,Correct
CLM000620,EXP00307,1906.45,COV00307,Closed,10586.34,12889.89,Correct
CLM000720,EXP00308,26810.01,COV00308,Closed,25421.31,25476.11,Incorrect
CLM000341,EXP00309,35367.01,COV00309,Closed,11760.21,16773.18,Correct
CLM000141,EXP00310,10739.28,COV00310,Closed,22981.14,9450.98,Incorrect
CLM000210,EXP00311,19877.77,COV00311,Open,26742.29,22230.7,Correct
CLM000651,EXP00312,28457.21,COV00312,Open,21263.71,16549.85,Correct
CLM000376,EXP00313,45072.99,COV00313,Open,28340.29,15808.57,Incorrect
CLM000982,EXP00314,47583.65,COV00314,Closed,9790.32,6408.06,Incorrect
CLM000609,EXP00315,19006.55,COV00315,Closed,3754.98,20987.96,Incorrect
CLM000462,EXP00316,21127.57,COV00316,Closed,16709.98,5458.06,Correct
CLM000595,EXP00317,32297.48,COV00317,Closed,8424.17,10408.29,Correct
CLM000997,EXP00318,42287.87,COV00318,Open,2998.07,24792.37,Correct
CLM000605,EXP00319,31519.57,COV00319,Closed,28639.22,6941.69,Correct
CLM000414,EXP00320,37618.24,COV00320,Closed,24523.33,21940.36,Correct
CLM000310,EXP00321,40745.16,COV00321,Closed,13585.58,14435.48,Incorrect
CLM000854,EXP00322,44424.7,COV00322,Closed,9469.2,5660.21,Incorrect
CLM000765,EXP00323,42815.31,COV00323,Closed,20017.37,20908.14,Incorrect
CLM000262,EXP00324,5250.46,COV00324,Open,21306.41,1070.91,Incorrect
CLM000385,EXP00325,20522.27,COV00325,Open,3911.91,29535.5,Incorrect
CLM000609,EXP00326,39368.25,COV00326,Closed,29013.23,13647.55,Correct
CLM000694,EXP00327,29719.07,COV00327,Open,27381.31,8759.88,Incorrect
CLM000342,EXP00328,19987.75,COV00328,Closed,26199.64,13479.71,Correct
CLM000420,EXP00329,26172.68,COV00329,Closed,6820.86,23736.54,Incorrect
CLM000350,EXP00330,34535.59,COV00330,Open,21211.26,28920.63,Correct
CLM000355,EXP00331,22183.55,COV00331,Open,16365.91,3726.15,Incorrect
CLM000964,EXP00332,15751.81,COV00332,Open,29765.03,29924.72,Incorrect
CLM000128,EXP00333,41064.16,COV00333,Closed,18973.83,12222.42,Incorrect
CLM000899,EXP00334,27654.96,COV00334,Open,9595.69,19654.82,Correct
CLM000971,EXP00335,40827.42,COV00335,Open,17448.03,11518.06,Correct
CLM000653,EXP00336,40988.67,COV00336,Closed,28538.15,18632.74,Correct
CLM000606,EXP00337,45552.08,COV00337,Open,19019.58,28263.32,Incorrect
CLM000422,EXP00338,26277.01,COV00338,Open,10025.54,1071.56,Correct
CLM000662,EXP00339,15820.36,COV00339,Open,25197.79,16496.66,Correct
CLM000707,EXP00340,8124.79,COV00340,Open,10821.48,24470.84,Correct
CLM000179,EXP00341,24596.9,COV00341,Closed,23309.33,7744.25,Correct
CLM000032,EXP00342,11921.81,COV00342,Open,20442.93,7439.47,Correct
CLM000063,EXP00343,42968.42,COV00343,Closed,21201.09,16481.27,Correct
CLM000468,EXP00344,4393.87,COV00344,Open,19465.25,3224.12,Incorrect
CLM000857,EXP00345,38400.25,COV00345,Open,15187.54,3545.11,Correct
CLM000875,EXP00346,45529.24,COV00346,Closed,7663.57,10516.29,Correct
CLM000117,EXP00347,49005.01,COV00347,Open,19631.65,18112.18,Incorrect
CLM000125,EXP00348,42163.8,COV00348,Closed,651.1,29736.68,Incorrect
CLM000627,EXP00349,27166.12,COV00349,Open,26625.08,2018.33,Incorrect
CLM000404,EXP00350,20102.83,COV00350,Open,17793.21,12841.97,Correct
CLM000594,EXP00351,16102.53,COV00351,Open,7291.5,6211.69,Correct
CLM000782,EXP00352,29893.62,COV00352,Closed,11157.89,2321.4,Incorrect
CLM000211,EXP00353,26489.76,COV00353,Open,5003.43,18738.52,Incorrect
CLM000651,EXP00354,11790.54,COV00354,Closed,13209.67,13391.23,Correct
CLM000042,EXP00355,28860.99,COV00355,Closed,11978.85,2883.67,Incorrect
CLM000295,EXP00356,26009.89,COV00356,Open,3131.82,14489.93,Incorrect
CLM000079,EXP00357,18415.81,COV00357,Open,20678.83,21263.85,Incorrect
CLM000220,EXP00358,6697.06,COV00358,Open,7067.11,11996.55,Incorrect
CLM000185,EXP00359,6387.71,COV00359,Closed,9499.89,7720.73,Correct
CLM000486,EXP00360,21385.34,COV00360,Closed,13137.05,12756.66,Incorrect
CLM000173,EXP00361,15023.94,COV00361,Open,27820.69,8477.57,Incorrect
CLM000067,EXP00362,47489.67,COV00362,Closed,4162.08,913.14,Incorrect
CLM000739,EXP00363,37216.57,COV00363,Closed,17036.01,28213.61,Correct
CLM000637,EXP00364,26207.3,COV00364,Closed,6406.86,4531.66,Incorrect
CLM000088,EXP00365,20222.18,COV00365,Open,27911.03,1440.21,Correct
CLM000009,EXP00366,28490.78,COV00366,Open,14393.13,13786.41,Incorrect
CLM000123,EXP00367,34565.42,COV00367,Open,25025.54,12840.99,Incorrect
CLM000672,EXP00368,35431.93,COV00368,Open,22522.87,2130.11,Incorrect
CLM000523,EXP00369,48401.23,COV00369,Closed,20489.51,29092.87,Correct
CLM000115,EXP00370,16578.39,COV00370,Closed,14195.72,29452.67,Incorrect
CLM000690,EXP00371,38149.93,COV00371,Open,9597.37,14943.85,Correct
CLM000752,EXP00372,2134.13,COV00372,Closed,27576.0,8633.95,Incorrect
CLM000005,EXP00373,2205.35,COV00373,Closed,12235.46,21993.33,Correct
CLM000348,EXP00374,39884.3,COV00374,Open,15228.01,27837.73,Incorrect
CLM000558,EXP00375,1356.08,COV00375,Closed,4912.03,11695.54,Incorrect
CLM000761,EXP00376,17444.16,COV00376,Closed,13260.51,22597.88,Incorrect
CLM000572,EXP00377,35804.63,COV00377,Closed,23533.48,27213.46,Incorrect
CLM000036,EXP00378,23291.62,COV00378,Closed,29116.27,12230.63,Incorrect
CLM000893,EXP00379,28704.32,COV00379,Open,29822.08,26161.83,Incorrect
CLM000087,EXP00380,23160.93,COV00380,Closed,9125.51,29388.06,Incorrect
CLM000830,EXP00381,35999.64,COV00381,Open,4291.21,18030.95,Correct
CLM000664,EXP00382,16542.25,COV00382,Open,12123.2,9653.02,Correct
CLM000046,EXP00383,26613.5,COV00383,Closed,517.39,6522.6,Incorrect
CLM000793,EXP00384,14197.2,COV00384,Closed,11122.29,1008.18,Correct
CLM000026,EXP00385,19273.92,COV00385,Open,21989.18,2429.16,Incorrect
CLM000703,EXP00386,11483.62,COV00386,Closed,1898.04,21065.44,Incorrect
CLM000137,EXP00387,19131.58,COV00387,Closed,13084.77,19080.31,Incorrect
CLM000062,EXP00388,39770.87,COV00388,Closed,16283.78,15394.13,Incorrect
CLM000587,EXP00389,1481.86,COV00389,Open,8593.17,28330.25,Incorrect
CLM000119,EXP00390,41879.57,COV00390,Closed,18718.8,28631.97,Correct
CLM000971,EXP00391,11202.02,COV00391,Closed,14364.65,4576.71,Correct
CLM000737,EXP00392,43611.62,COV00392,Open,22686.44,4364.23,Correct
CLM000624,EXP00393,5655.48,COV00393,Closed,21740.58,20572.3,Incorrect
CLM000079,EXP00394,27801.72,COV00394,Closed,17043.59,11217.63,Incorrect
CLM000771,EXP00395,29746.34,COV00395,Open,19642.14,12071.36,Correct
CLM000125,EXP00396,22577.14,COV00396,Open,23133.2,10168.04,Correct
CLM000926,EXP00397,13936.3,COV00397,Open,22813.66,22693.66,Incorrect
CLM000480,EXP00398,24555.7,COV00398,Open,4738.13,22580.53,Correct
CLM000542,EXP00399,48572.98,COV00399,Closed,22122.33,26428.08,Incorrect
CLM000796,EXP00400,35026.73,COV00400,Closed,9080.11,26564.35,Incorrect
CLM000577,EXP00401,36075.03,COV00401,Open,26845.85,24262.14,Correct
CLM000529,EXP00402,30431.13,COV00402,Closed,23059.7,9081.13,Incorrect
CLM000329,EXP00403,18042.56,COV00403,Open,21041.04,29372.43,Incorrect
CLM000146,EXP00404,13324.45,COV00404,Closed,17703.89,27722.97,Incorrect
CLM000204,EXP00405,39583.18,COV00405,Closed,22218.63,6133.37,Correct
CLM000434,EXP00406,27025.49,COV00406,Open,768.16,28047.13,Incorrect
CLM000929,EXP00407,38305.28,COV00407,Open,25726.19,20748.27,Incorrect
CLM000062,EXP00408,44878.8,COV00408,Closed,29183.12,19399.14,Correct
CLM000058,EXP00409,7266.48,COV00409,Open,29013.41,12950.49,Incorrect
CLM000610,EXP00410,11358.87,COV00410,Closed,26101.42,4961.5,Incorrect
CLM000661,EXP00411,35395.58,COV00411,Open,5238.3,25161.66,Incorrect
CLM000872,EXP00412,18181.3,COV00412,Open,21724.0,7085.25,Correct
CLM000065,EXP00413,23154.18,COV00413,Closed,8978.55,27746.36,Correct
CLM000490,EXP00414,4762.53,COV00414,Open,5061.22,8702.8,Incorrect
CLM000966,EXP00415,37954.17,COV00415,Open,10211.54,26371.88,Correct
CLM000275,EXP00416,9727.15,COV00416,Closed,14435.66,14720.5,Correct
CLM000109,EXP00417,46318.69,COV00417,Closed,25356.6,29132.47,Correct
CLM000690,EXP00418,6840.12,COV00418,Closed,6286.0,15254.31,Correct
CLM000400,EXP00419,25347.7,COV00419,Open,14825.23,13067.26,Incorrect
CLM000948,EXP00420,4713.04,COV00420,Closed,19939.97,10026.49,Correct
CLM000137,EXP00421,20649.85,COV00421,Closed,23656.81,27990.03,Incorrect
CLM000290,EXP00422,40965.67,COV00422,Closed,23285.61,9470.66,Incorrect
CLM000359,EXP00423,47570.15,COV00423,Closed,18345.63,11149.42,Incorrect
CLM000219,EXP00424,31747.81,COV00424,Closed,808.37,27091.13,Correct
CLM000728,EXP00425,15571.73,COV00425,Open,10325.36,18579.38,Correct
CLM000201,EXP00426,40154.79,COV00426,Closed,18636.77,14676.04,Correct
CLM000699,EXP00427,20515.86,COV00427,Open,14418.07,4080.45,Incorrect
CLM000453,EXP00428,46103.93,COV00428,Open,22986.05,29351.72,Incorrect
CLM000863,EXP00429,7385.1,COV00429,Closed,25651.27,21796.01,Correct
CLM000454,EXP00430,49289.25,COV00430,Closed,2719.68,2777.91,Correct
CLM000573,EXP00431,5744.0,COV00431,Open,5307.94,25568.19,Correct
CLM000238,EXP00432,4323.05,COV00432,Closed,13436.63,3501.52,Incorrect
CLM000415,EXP00433,13506.35,COV00433,Open,17646.76,2658.41,Incorrect
CLM000443,EXP00434,19503.68,COV00434,Open,28845.37,11573.89,Incorrect
CLM000004,EXP00435,31910.22,COV00435,Open,15777.86,24766.11,Correct
CLM000631,EXP00436,46926.83,COV00436,Closed,29577.16,1915.37,Correct
CLM000097,EXP00437,35647.41,COV00437,Closed,17525.04,26198.64,Correct
CLM000850,EXP00438,11416.57,COV00438,Open,8665.13,5544.11,Correct
CLM000928,EXP00439,1428.88,COV00439,Open,3980.54,24387.95,Correct
CLM000201,EXP00440,40269.82,COV00440,Open,7444.8,27235.4,Incorrect
CLM000864,EXP00441,37205.59,COV00441,Closed,13211.82,8698.54,Incorrect
CLM000492,EXP00442,27091.37,COV00442,Open,27849.55,5918.67,Incorrect
CLM000141,EXP00443,44799.63,COV00443,Open,12461.38,23708.89,Incorrect
CLM000546,EXP00444,9205.68,COV00444,Closed,19706.44,1056.54,Correct
CLM000312,EXP00445,4923.46,COV00445,Closed,8307.32,18460.56,Correct
CLM000371,EXP00446,9402.21,COV00446,Open,5506.94,18879.96,Incorrect
CLM000985,EXP00447,32437.0,COV00447,Closed,8003.01,28451.06,Incorrect
CLM000353,EXP00448,39433.82,COV00448,Open,11596.65,12874.27,Correct
CLM000257,EXP00449,26172.28,COV00449,Open,21372.75,1386.34,Incorrect
CLM000919,EXP00450,47833.03,COV00450,Open,16179.03,15685.19,Incorrect
CLM000431,EXP00451,49584.23,COV00451,Open,18836.96,27672.24,Correct
CLM000175,EXP00452,7825.31,COV00452,Closed,2449.51,24622.02,Correct
CLM000838,EXP00453,1317.95,COV00453,Closed,22199.61,12489.85,Correct
CLM000431,EXP00454,33290.85,COV00454,Closed,27854.01,16345.32,Incorrect
CLM000080,EXP00455,10788.07,COV00455,Closed,1907.02,18936.2,Correct
CLM000855,EXP00456,29006.63,COV00456,Open,18666.24,11175.64,Incorrect
CLM000876,EXP00457,35321.19,COV00457,Open,10999.01,28690.38,Correct
CLM000112,EXP00458,48182.22,COV00458,Closed,19569.67,3607.38,Correct
CLM000804,EXP00459,8882.45,COV00459,Closed,29635.75,21811.91,Incorrect
CLM000641,EXP00460,7299.91,COV00460,Open,10040.93,18210.26,Correct
CLM000898,EXP00461,25577.49,COV00461,Open,26454.05,3515.06,Incorrect
CLM000033,EXP00462,33948.25,COV00462,Closed,8075.42,24331.95,Incorrect
CLM000108,EXP00463,28555.3,COV00463,Open,19111.12,5659.91,Correct
CLM000689,EXP00464,10087.44,COV00464,Closed,18844.88,969.59,Incorrect
CLM000337,EXP00465,8456.19,COV00465,Closed,1771.8,24393.41,Incorrect
CLM000323,EXP00466,46944.26,COV00466,Closed,11335.52,17610.14,Correct
CLM000148,EXP00467,5538.63,COV00467,Open,12470.39,5626.57,Incorrect
CLM000112,EXP00468,47759.02,COV00468,Closed,22669.1,27218.62,Correct
CLM000194,EXP00469,14188.8,COV00469,Open,10451.34,1720.66,Incorrect
CLM000234,EXP00470,13336.55,COV00470,Open,23244.42,8890.99,Correct
CLM000600,EXP00471,30201.24,COV00471,Open,12517.87,23908.43,Correct
CLM000319,EXP00472,44706.41,COV00472,Closed,15693.01,6069.26,Incorrect
CLM000282,EXP00473,11247.9,COV00473,Open,19909.66,761.65,Incorrect
CLM000444,EXP00474,7146.29,COV00474,Open,19139.38,21565.23,Correct
CLM000409,EXP00475,30898.98,COV00475,Closed,20144.56,23713.42,Correct
CLM000522,EXP00476,33057.39,COV00476,Open,22615.14,26035.73,Incorrect
CLM000948,EXP00477,3308.67,COV00477,Open,2172.14,22525.46,Correct
CLM000508,EXP00478,30271.59,COV00478,Closed,13572.58,14112.97,Correct
CLM000956,EXP00479,40535.35,COV00479,Closed,4358.39,10982.08,Incorrect
CLM000324,EXP00480,4085.82,COV00480,Closed,9276.56,11478.63,Incorrect
CLM000947,EXP00481,10335.38,COV00481,Open,8283.83,21436.36,Incorrect
CLM000020,EXP00482,18171.05,COV00482,Closed,2438.6,17978.41,Correct
CLM000829,EXP00483,33389.91,COV00483,Open,19623.37,7514.76,Correct
CLM000666,EXP00484,33610.01,COV00484,Open,23623.71,6442.36,Correct
CLM000194,EXP00485,5005.4,COV00485,Closed,6908.95,5657.34,Correct
CLM000716,EXP00486,4882.51,COV00486,Closed,19264.14,7591.34,Correct
CLM000903,EXP00487,19847.85,COV00487,Open,25882.06,1711.49,Correct
CLM000937,EXP00488,48380.1,COV00488,Closed,19850.43,3879.76,Correct
CLM000555,EXP00489,39718.39,COV00489,Closed,28097.86,2346.4,Correct
CLM000555,EXP00490,42936.47,COV00490,Closed,20678.9,25276.97,Correct
CLM000701,EXP00491,49121.6,COV00491,Open,26585.94,28512.7,Correct
CLM000085,EXP00492,5130.73,COV00492,Closed,20242.69,19641.67,Incorrect
CLM000114,EXP00493,41587.33,COV00493,Closed,24558.92,15280.25,Correct
CLM000192,EXP00494,49324.78,COV00494,Closed,22991.43,26822.16,Incorrect
CLM000163,EXP00495,19708.19,COV00495,Open,15279.51,24604.54,Correct
CLM000012,EXP00496,19704.0,COV00496,Closed,19822.26,13840.03,Correct
CLM000504,EXP00497,9271.23,COV00497,Open,2686.37,2264.96,Correct
CLM000542,EXP00498,1530.32,COV00498,Closed,20089.04,6287.03,Incorrect
CLM000386,EXP00499,43123.64,COV00499,Closed,5475.1,2793.16,Incorrect
CLM000246,EXP00500,29895.02,COV00500,Closed,2495.72,24372.73,Incorrect
CLM000224,EXP00501,33919.68,COV00501,Open,11455.37,528.5,Incorrect
CLM000809,EXP00502,13694.4,COV00502,Closed,5472.93,29966.31,Incorrect
CLM000957,EXP00503,27544.42,COV00503,Open,20326.74,28054.56,Incorrect
CLM000468,EXP00504,48019.85,COV00504,Closed,24077.15,17082.79,Correct
CLM000240,EXP00505,47463.39,COV00505,Closed,6388.59,23204.89,Incorrect
CLM000222,EXP00506,29764.3,COV00506,Closed,11301.0,12396.16,Correct
CLM000867,EXP00507,14867.41,COV00507,Closed,7212.55,10606.9,Correct
CLM000477,EXP00508,10649.11,COV00508,Closed,11862.7,19772.06,Correct
CLM000002,EXP00509,4107.72,COV00509,Open,20640.42,3281.78,Incorrect
CLM000789,EXP00510,25473.63,COV00510,Open,10967.5,17895.0,Incorrect
CLM000177,EXP00511,20228.06,COV00511,Open,2450.41,17323.16,Correct
CLM000340,EXP00512,22956.91,COV00512,Open,10614.32,24906.3,Incorrect
CLM000015,EXP00513,42515.35,COV00513,Closed,8765.01,21640.89,Incorrect
CLM000256,EXP00514,25168.38,COV00514,Open,8113.58,20596.58,Incorrect
CLM000299,EXP00515,39054.51,COV00515,Open,22875.66,25327.05,Incorrect
CLM000432,EXP00516,25515.84,COV00516,Open,13642.57,18208.44,Incorrect
CLM000627,EXP00517,3463.56,COV00517,Open,28410.83,19811.13,Incorrect
CLM000893,EXP00518,39760.93,COV00518,Closed,26508.07,598.97,Correct
CLM000447,EXP00519,34094.77,COV00519,Closed,3156.29,25620.78,Correct
CLM000872,EXP00520,9189.62,COV00520,Closed,26124.64,3011.7,Incorrect
CLM000846,EXP00521,24134.58,COV00521,Closed,26993.31,17558.56,Incorrect
CLM000371,EXP00522,25561.61,COV00522,Open,1168.98,11293.51,Correct
CLM000957,EXP00523,27697.16,COV00523,Closed,14771.68,13143.6,Incorrect
CLM000393,EXP00524,43249.57,COV00524,Closed,6013.74,21352.89,Incorrect
CLM000371,EXP00525,20098.85,COV00525,Closed,5227.24,9933.43,Correct
CLM000834,EXP00526,33333.61,COV00526,Open,7914.44,21930.98,Incorrect
CLM000615,EXP00527,24194.98,COV00527,Closed,15408.17,11504.86,Incorrect
CLM000244,EXP00528,16746.91,COV00528,Open,29700.78,12673.91,Correct
CLM000580,EXP00529,27872.74,COV00529,Closed,3081.19,11321.58,Incorrect
CLM000171,EXP00530,13746.06,COV00530,Closed,25858.56,19505.39,Incorrect
CLM000907,EXP00531,39248.94,COV00531,Open,29359.31,13234.2,Incorrect
CLM000458,EXP00532,45220.79,COV00532,Closed,28444.0,10646.95,Correct
CLM000029,EXP00533,30902.22,COV00533,Closed,23089.69,8390.03,Correct
CLM000821,EXP00534,5607.8,COV00534,Open,4922.82,18047.64,Correct
CLM000096,EXP00535,8624.68,COV00535,Closed,14278.04,6820.62,Incorrect
CLM000505,EXP00536,7971.85,COV00536,Closed,6540.33,23868.78,Correct
CLM000902,EXP00537,8095.17,COV00537,Closed,27541.15,22427.0,Incorrect
CLM000423,EXP00538,44042.38,COV00538,Closed,15937.78,25339.24,Correct
CLM000376,EXP00539,44723.17,COV00539,Closed,9369.38,1175.58,Correct
CLM000867,EXP00540,5518.5,COV00540,Closed,14082.68,13256.67,Correct
CLM000731,EXP00541,23575.06,COV00541,Open,24906.7,1035.89,Incorrect
CLM000143,EXP00542,49540.18,COV00542,Open,11590.66,24685.81,Incorrect
CLM000370,EXP00543,33461.64,COV00543,Open,2648.24,3635.9,Correct
CLM000934,EXP00544,42663.1,COV00544,Open,29333.99,25858.35,Correct
CLM000568,EXP00545,46603.37,COV00545,Closed,18159.68,25100.45,Incorrect
CLM000120,EXP00546,15037.21,COV00546,Closed,10190.21,25127.54,Incorrect
CLM000611,EXP00547,48496.11,COV00547,Closed,12552.96,1832.36,Correct
CLM000405,EXP00548,28922.42,COV00548,Open,13063.9,719.51,Correct
CLM000406,EXP00549,2517.07,COV00549,Closed,25577.26,9127.01,Correct
CLM000769,EXP00550,42561.66,COV00550,Open,21959.33,24883.52,Incorrect
CLM000705,EXP00551,16789.35,COV00551,Open,7364.95,23957.82,Incorrect
CLM000005,EXP00552,49556.59,COV00552,Closed,9735.83,5498.43,Correct
CLM000259,EXP00553,33321.32,COV00553,Closed,2929.73,16988.25,Correct
CLM000052,EXP00554,49208.29,COV00554,Open,23633.01,28240.59,Correct
CLM000425,EXP00555,24700.14,COV00555,Closed,22651.36,24093.8,Correct
CLM000116,EXP00556,32048.73,COV00556,Closed,16387.14,3022.34,Correct
CLM000932,EXP00557,49745.48,COV00557,Open,1503.19,23225.62,Correct
CLM000532,EXP00558,5489.49,COV00558,Closed,10914.64,26557.4,Correct
CLM000360,EXP00559,45018.87,COV00559,Closed,20305.77,1427.47,Incorrect
CLM000627,EXP00560,14226.17,COV00560,Closed,5344.85,20262.62,Correct
CLM000453,EXP00561,25281.67,COV00561,Closed,6618.91,12955.51,Correct
CLM000169,EXP00562,34154.24,COV00562,Open,3061.22,12988.23,Correct
CLM000758,EXP00563,34091.56,COV00563,Open,1814.55,25668.05,Correct
CLM000120,EXP00564,9391.04,COV00564,Open,8893.96,1534.24,Correct
CLM000325,EXP00565,45265.25,COV00565,Closed,19740.97,10115.0,Incorrect
CLM000857,EXP00566,34689.03,COV00566,Closed,4566.71,3916.64,Incorrect
CLM000740,EXP00567,11290.33,COV00567,Open,5841.09,19260.18,Incorrect
CLM000392,EXP00568,26835.82,COV00568,Closed,28289.87,574.21,Correct
CLM000857,EXP00569,7892.89,COV00569,Closed,8667.72,1327.82,Incorrect
CLM000452,EXP00570,18872.02,COV00570,Open,20961.24,10261.36,Correct
CLM000532,EXP00571,13988.56,COV00571,Closed,22102.48,5927.99,Correct
CLM000855,EXP00572,34577.97,COV00572,Open,833.7,26287.4,Correct
CLM000532,EXP00573,24245.71,COV00573,Open,17499.15,19733.12,Incorrect
CLM000203,EXP00574,21074.52,COV00574,Closed,2858.6,12559.1,Correct
CLM000718,EXP00575,3128.83,COV00575,Open,13539.83,26796.53,Incorrect
CLM000541,EXP00576,12320.53,COV00576,Closed,26686.07,20194.61,Correct
CLM000766,EXP00577,25029.65,COV00577,Open,2894.49,9435.39,Correct
CLM000544,EXP00578,30315.07,COV00578,Closed,20221.01,20131.82,Correct
CLM000890,EXP00579,41063.08,COV00579,Open,11543.76,29944.12,Incorrect
CLM000244,EXP00580,17217.37,COV00580,Open,15897.03,20645.58,Correct
CLM000663,EXP00581,44287.81,COV00581,Closed,1806.08,3053.67,Incorrect
CLM000404,EXP00582,30326.47,COV00582,Open,18344.18,13907.38,Correct
CLM000903,EXP00583,46818.05,COV00583,Closed,17633.67,5650.17,Correct
CLM000166,EXP00584,3396.06,COV00584,Closed,11993.48,6120.4,Incorrect
CLM000251,EXP00585,38290.26,COV00585,Closed,15112.46,4761.8,Incorrect
CLM000689,EXP00586,27617.42,COV00586,Open,19431.41,29466.62,Correct
CLM000293,EXP00587,26431.27,COV00587,Open,14443.43,22711.68,Incorrect
CLM000848,EXP00588,26804.69,COV00588,Closed,2041.93,615.55,Correct
CLM000596,EXP00589,36576.27,COV00589,Open,1326.09,693.34,Correct
CLM000616,EXP00590,47220.89,COV00590,Closed,27371.04,21862.14,Correct
CLM000145,EXP00591,48993.64,COV00591,Closed,18899.63,15347.9,Incorrect
CLM000838,EXP00592,2439.58,COV00592,Closed,28677.73,3528.33,Correct
CLM000847,EXP00593,31850.26,COV00593,Closed,16302.47,25534.77,Incorrect
CLM000039,EXP00594,48926.83,COV00594,Open,5170.09,8043.64,Incorrect
CLM000144,EXP00595,19894.84,COV00595,Closed,8259.12,29827.27,Correct
CLM000387,EXP00596,1987.44,COV00596,Open,20047.42,6821.36,Incorrect
CLM000414,EXP00597,30344.17,COV00597,Open,9393.39,20882.03,Correct
CLM000809,EXP00598,26583.54,COV00598,Open,28613.72,14401.03,Incorrect
CLM000233,EXP00599,24235.41,COV00599,Open,7428.8,21530.59,Correct
CLM000304,EXP00600,17939.58,COV00600,Open,12973.45,14409.7,Correct
CLM000011,EXP00601,29479.74,COV00601,Open,2733.26,26258.72,Incorrect
CLM000927,EXP00602,4371.5,COV00602,Open,22596.75,27782.45,Correct
CLM000106,EXP00603,43554.13,COV00603,Closed,22029.72,12197.75,Correct
CLM000754,EXP00604,17553.51,COV00604,Open,5696.72,25781.28,Correct
CLM000624,EXP00605,31159.68,COV00605,Open,25551.98,23247.55,Correct
CLM000054,EXP00606,15585.57,COV00606,Open,27241.32,20648.16,Correct
CLM000959,EXP00607,23275.34,COV00607,Open,3845.26,17206.75,Correct
CLM000156,EXP00608,46890.16,COV00608,Closed,6576.1,26557.62,Incorrect
CLM000921,EXP00609,48639.97,COV00609,Open,18856.78,6695.57,Incorrect
CLM000165,EXP00610,10458.7,COV00610,Open,17692.55,9804.69,Incorrect
CLM000894,EXP00611,21448.55,COV00611,Closed,25793.24,29648.22,Correct
CLM000187,EXP00612,30190.83,COV00612,Closed,1914.82,10720.47,Incorrect
CLM000456,EXP00613,30327.68,COV00613,Open,12178.69,16971.08,Incorrect
CLM000144,EXP00614,10683.16,COV00614,Closed,14901.79,1087.4,Incorrect
CLM000882,EXP00615,45823.83,COV00615,Open,10506.77,7341.09,Correct
CLM000210,EXP00616,5154.98,COV00616,Closed,28323.76,7481.84,Correct
CLM000483,EXP00617,42202.0,COV00617,Open,28622.07,12948.62,Correct
CLM000177,EXP00618,42187.26,COV00618,Open,17640.09,4216.24,Correct
CLM000092,EXP00619,1374.37,COV00619,Open,21459.59,1606.59,Correct
CLM000414,EXP00620,37325.22,COV00620,Closed,13441.2,7944.4,Correct
CLM000430,EXP00621,24594.22,COV00621,Closed,15381.1,28152.33,Incorrect
CLM000098,EXP00622,23155.44,COV00622,Closed,18241.47,19181.22,Correct
CLM000290,EXP00623,29135.69,COV00623,Open,15941.8,3563.52,Incorrect
CLM000669,EXP00624,27637.1,COV00624,Closed,7689.13,21795.57,Incorrect
CLM000067,EXP00625,44152.86,COV00625,Closed,18305.6,15651.34,Incorrect
CLM000145,EXP00626,16939.16,COV00626,Closed,4274.33,20138.49,Incorrect
CLM000870,EXP00627,34506.68,COV00627,Open,3181.0,1767.75,Correct
CLM000730,EXP00628,20161.78,COV00628,Closed,765.05,10015.83,Correct
CLM000887,EXP00629,24109.92,COV00629,Open,16252.77,1439.33,Correct
CLM000452,EXP00630,6863.04,COV00630,Open,22208.25,21033.36,Correct
CLM000109,EXP00631,17525.46,COV00631,Closed,23422.12,9282.13,Correct
CLM000991,EXP00632,39900.64,COV00632,Open,7491.15,14062.54,Correct
CLM000963,EXP00633,39268.54,COV00633,Closed,11786.18,24246.51,Correct
CLM000739,EXP00634,15347.42,COV00634,Open,19186.59,4219.74,Correct
CLM000849,EXP00635,42632.03,COV00635,Open,11842.86,6249.22,Incorrect
CLM000988,EXP00636,34603.21,COV00636,Open,13769.13,8721.23,Correct
CLM000067,EXP00637,22643.55,COV00637,Open,13364.62,5933.66,Incorrect
CLM000787,EXP00638,18352.96,COV00638,Open,27623.43,6229.96,Correct
CLM000736,EXP00639,38816.18,COV00639,Closed,17180.95,6937.92,Correct
CLM000413,EXP00640,19065.21,COV00640,Closed,16227.3,16282.61,Correct
CLM000961,EXP00641,3045.94,COV00641,Open,14353.44,3517.28,Incorrect
CLM000483,EXP00642,25452.04,COV00642,Closed,7032.44,10816.03,Incorrect
CLM000507,EXP00643,21228.64,COV00643,Closed,27735.59,14913.07,Incorrect
CLM000823,EXP00644,2191.43,COV00644,Open,22155.59,1707.09,Incorrect
CLM000773,EXP00645,20462.56,COV00645,Closed,27747.09,13035.51,Correct
CLM000611,EXP00646,8485.03,COV00646,Open,15487.12,21920.9,Incorrect
CLM000501,EXP00647,35861.61,COV00647,Closed,9477.87,25630.09,Incorrect
CLM000687,EXP00648,23555.24,COV00648,Open,25100.49,7569.38,Incorrect
CLM000804,EXP00649,2390.26,COV00649,Closed,1672.6,21735.08,Incorrect
CLM000166,EXP00650,38007.77,COV00650,Closed,27276.46,18850.36,Incorrect
CLM000648,EXP00651,15840.61,COV00651,Closed,8475.18,21154.58,Correct
CLM000847,EXP00652,12123.02,COV00652,Closed,4017.02,26475.79,Correct
CLM000212,EXP00653,36618.77,COV00653,Closed,22636.35,15903.18,Correct
CLM000952,EXP00654,6925.24,COV00654,Open,5675.24,20925.2,Incorrect
CLM000568,EXP00655,15952.84,COV00655,Closed,7156.73,29054.82,Incorrect
CLM000958,EXP00656,22595.3,COV00656,Closed,20342.85,2154.79,Incorrect
CLM000783,EXP00657,17349.85,COV00657,Closed,29206.88,10824.99,Incorrect
CLM000758,EXP00658,32434.24,COV00658,Open,12437.72,14644.54,Incorrect
CLM000308,EXP00659,1778.13,COV00659,Closed,3930.66,9137.99,Correct
CLM000644,EXP00660,20499.47,COV00660,Closed,14334.23,20837.22,Incorrect
CLM000290,EXP00661,8521.79,COV00661,Closed,25371.74,17511.72,Correct
CLM000034,EXP00662,26717.43,COV00662,Open,17305.33,8458.89,Correct
CLM000201,EXP00663,39886.37,COV00663,Closed,16188.93,12705.82,Incorrect
CLM000215,EXP00664,40314.45,COV00664,Closed,12330.42,27742.24,Correct
CLM000524,EXP00665,24630.46,COV00665,Closed,10683.45,27110.16,Incorrect
CLM000040,EXP00666,10712.94,COV00666,Closed,20536.86,7104.37,Incorrect
CLM000580,EXP00667,10233.17,COV00667,Open,28326.51,6020.33,Correct
CLM000633,EXP00668,10509.16,COV00668,Open,19494.05,26145.27,Correct
CLM000863,EXP00669,3086.46,COV00669,Closed,8787.2,19111.64,Correct
CLM000052,EXP00670,30452.53,COV00670,Closed,13613.97,13367.64,Correct
CLM000933,EXP00671,9170.92,COV00671,Open,15421.27,9393.1,Correct
CLM000275,EXP00672,41502.26,COV00672,Closed,9209.56,23108.9,Incorrect
CLM000078,EXP00673,41214.37,COV00673,Closed,20241.91,23566.45,Correct
CLM000044,EXP00674,37370.79,COV00674,Open,10470.82,11094.38,Incorrect
CLM000709,EXP00675,12032.0,COV00675,Open,8137.92,8073.71,Incorrect
CLM000952,EXP00676,14391.16,COV00676,Closed,9661.03,27426.62,Incorrect
CLM000686,EXP00677,29378.92,COV00677,Open,15085.08,24513.37,Correct
CLM000841,EXP00678,29648.55,COV00678,Open,6753.99,18777.1,Correct
CLM000515,EXP00679,8938.44,COV00679,Open,16853.22,28531.9,Incorrect
CLM000010,EXP00680,35107.93,COV00680,Open,12130.04,2899.68,Correct
CLM000538,EXP00681,37968.07,COV00681,Open,15743.61,1361.62,Incorrect
CLM000883,EXP00682,15218.5,COV00682,Closed,26081.16,12145.39,Correct
CLM000302,EXP00683,9031.56,COV00683,Closed,5870.51,5715.98,Incorrect
CLM000878,EXP00684,43366.83,COV00684,Open,5730.9,1963.81,Correct
CLM000837,EXP00685,47387.64,COV00685,Closed,27775.17,15842.01,Correct
CLM000217,EXP00686,44942.82,COV00686,Closed,3189.26,24101.38,Correct
CLM000247,EXP00687,20265.5,COV00687,Open,16034.03,26481.91,Incorrect
CLM000875,EXP00688,5501.88,COV00688,Closed,11064.09,19293.05,Incorrect
CLM000376,EXP00689,3940.81,COV00689,Closed,27800.85,18538.94,Incorrect
CLM000245,EXP00690,28964.67,COV00690,Closed,3544.42,27741.38,Correct
CLM000820,EXP00691,12206.93,COV00691,Open,20058.7,1845.55,Incorrect
CLM000399,EXP00692,13335.14,COV00692,Open,24690.32,15843.76,Incorrect
CLM000266,EXP00693,33947.2,COV00693,Closed,29110.19,24572.0,Incorrect
CLM000320,EXP00694,25024.35,COV00694,Closed,23099.18,22807.78,Incorrect
CLM000887,EXP00695,30557.27,COV00695,Open,22644.39,25773.53,Incorrect
CLM000492,EXP00696,47397.22,COV00696,Open,652.09,14920.1,Incorrect
CLM000617,EXP00697,17498.43,COV00697,Closed,10775.17,29349.72,Incorrect
CLM000979,EXP00698,23929.93,COV00698,Closed,22970.88,5497.84,Incorrect
CLM000126,EXP00699,6896.37,COV00699,Open,12575.54,27792.22,Correct
CLM000403,EXP00700,12468.48,COV00700,Open,23424.99,14835.28,Incorrect
CLM000727,EXP00701,5908.23,COV00701,Closed,10164.1,21959.77,Incorrect
CLM000894,EXP00702,23394.72,COV00702,Closed,21237.15,5740.85,Incorrect
CLM000137,EXP00703,32470.13,COV00703,Closed,1939.15,22767.9,Correct
CLM000750,EXP00704,13889.35,COV00704,Closed,25550.01,15298.3,Correct
CLM000108,EXP00705,31903.18,COV00705,Closed,12366.4,20372.47,Correct
CLM000366,EXP00706,31414.15,COV00706,Open,21775.78,10889.14,Incorrect
CLM000374,EXP00707,24269.57,COV00707,Open,27304.86,5768.4,Correct
CLM000324,EXP00708,47421.25,COV00708,Closed,9809.5,4674.72,Correct
CLM000106,EXP00709,17082.57,COV00709,Open,7183.64,24121.56,Correct
CLM000565,EXP00710,49992.99,COV00710,Closed,6184.01,4090.78,Correct
CLM000438,EXP00711,12435.81,COV00711,Open,18372.54,15633.95,Correct
CLM000279,EXP00712,32402.42,COV00712,Open,29854.46,24861.21,Correct
CLM000836,EXP00713,30279.28,COV00713,Closed,19681.35,10468.85,Correct
CLM000234,EXP00714,11176.83,COV00714,Open,26216.02,28414.64,Incorrect
CLM000958,EXP00715,44825.17,COV00715,Closed,2594.98,24728.37,Correct
CLM000504,EXP00716,4026.39,COV00716,Closed,3167.14,1930.5,Correct
CLM000459,EXP00717,42024.95,COV00717,Closed,29402.61,28098.07,Correct
CLM000722,EXP00718,33351.3,COV00718,Open,7928.7,11400.62,Correct
CLM000516,EXP00719,33654.97,COV00719,Closed,2958.36,10633.0,Correct
CLM000676,EXP00720,43807.87,COV00720,Closed,27938.92,22261.83,Incorrect
CLM000382,EXP00721,43380.77,COV00721,Open,4037.98,16339.03,Incorrect
CLM000039,EXP00722,29719.47,COV00722,Open,27748.32,24527.18,Correct
CLM000017,EXP00723,48949.62,COV00723,Open,28954.15,6103.21,Correct
CLM000572,EXP00724,13966.92,COV00724,Closed,8724.92,27206.68,Correct
CLM000701,EXP00725,10850.96,COV00725,Open,19656.37,893.2,Incorrect
CLM000685,EXP00726,10714.7,COV00726,Closed,22149.73,25209.39,Correct
CLM000658,EXP00727,10904.32,COV00727,Open,16837.83,22812.98,Incorrect
CLM000037,EXP00728,36941.22,COV00728,Closed,12517.77,6208.08,Correct
CLM000764,EXP00729,17266.13,COV00729,Open,4275.56,10079.73,Incorrect
CLM000856,EXP00730,8546.58,COV00730,Closed,29843.07,6633.53,Correct
CLM000579,EXP00731,25895.63,COV00731,Open,27917.55,18684.76,Incorrect
CLM000233,EXP00732,25579.49,COV00732,Open,23885.85,28172.57,Correct
CLM000409,EXP00733,23137.73,COV00733,Open,29404.47,28542.2,Incorrect
CLM000628,EXP00734,22756.97,COV00734,Open,4252.78,26761.88,Correct
CLM000805,EXP00735,1193.65,COV00735,Open,23549.12,2376.3,Correct
CLM000950,EXP00736,12332.64,COV00736,Open,12949.47,9354.64,Incorrect
CLM000045,EXP00737,10597.15,COV00737,Closed,14362.25,7760.6,Correct
CLM000132,EXP00738,10073.53,COV00738,Closed,12542.05,9087.85,Correct
CLM000186,EXP00739,30508.4,COV00739,Open,24851.85,5378.64,Incorrect
CLM000494,EXP00740,32011.13,COV00740,Closed,14766.05,7937.87,Correct
CLM000674,EXP00741,32933.95,COV00741,Closed,18406.8,7854.85,Incorrect
CLM000319,EXP00742,2053.29,COV00742,Closed,26200.73,25800.6,Correct
CLM000440,EXP00743,39954.11,COV00743,Closed,6916.57,5601.36,Incorrect
CLM000636,EXP00744,40417.09,COV00744,Closed,11477.68,28345.85,Incorrect
CLM000512,EXP00745,18203.34,COV00745,Closed,516.66,10160.38,Incorrect
CLM000946,EXP00746,34184.52,COV00746,Open,8982.73,857.04,Incorrect
CLM000464,EXP00747,7080.6,COV00747,Closed,24587.21,22361.82,Correct
CLM000333,EXP00748,6476.62,COV00748,Closed,17658.38,13427.08,Correct
CLM000725,EXP00749,34909.82,COV00749,Closed,9926.18,19812.09,Correct
CLM000922,EXP00750,7510.68,COV00750,Closed,10131.39,6044.46,Correct
CLM000331,EXP00751,41148.3,COV00751,Open,6386.77,19999.54,Incorrect
CLM000518,EXP00752,10059.75,COV00752,Open,13820.42,4096.18,Correct
CLM000156,EXP00753,39840.47,COV00753,Open,18642.84,6068.17,Incorrect
CLM000380,EXP00754,33397.28,COV00754,Open,20579.37,20564.47,Incorrect
CLM000771,EXP00755,41788.93,COV00755,Open,26457.41,5374.57,Correct
CLM000208,EXP00756,34721.15,COV00756,Closed,4175.63,28258.63,Correct
CLM000156,EXP00757,22768.7,COV00757,Open,28310.96,5288.28,Correct
CLM000999,EXP00758,11273.21,COV00758,Closed,8941.21,22179.74,Correct
CLM000504,EXP00759,44978.78,COV00759,Closed,5355.06,9539.17,Correct
CLM000879,EXP00760,16701.42,COV00760,Closed,12818.09,6223.37,Incorrect
CLM000228,EXP00761,47245.66,COV00761,Closed,13527.05,3323.49,Correct
CLM000552,EXP00762,14071.5,COV00762,Open,14841.35,16703.12,Correct
CLM000097,EXP00763,40837.7,COV00763,Open,28470.41,20939.75,Incorrect
CLM000336,EXP00764,6952.66,COV00764,Closed,17173.14,11963.55,Correct
CLM000004,EXP00765,19952.52,COV00765,Closed,27611.64,4309.78,Correct
CLM000257,EXP00766,20456.22,COV00766,Closed,11674.75,5819.8,Correct
CLM000881,EXP00767,26531.28,COV00767,Open,10270.39,8748.38,Incorrect
CLM000244,EXP00768,18974.4,COV00768,Closed,15297.03,8908.33,Correct
CLM000277,EXP00769,47352.86,COV00769,Open,24458.27,4156.25,Correct
CLM000171,EXP00770,36921.53,COV00770,Closed,27813.82,27311.0,Incorrect
CLM000884,EXP00771,6393.73,COV00771,Open,27327.56,12952.34,Incorrect
CLM000727,EXP00772,5761.16,COV00772,Closed,8330.25,16774.9,Correct
CLM000808,EXP00773,39780.39,COV00773,Open,2886.97,8975.52,Incorrect
CLM000177,EXP00774,17712.16,COV00774,Open,24454.67,27615.85,Incorrect
CLM000651,EXP00775,16566.97,COV00775,Closed,27238.51,25464.06,Incorrect
CLM000885,EXP00776,42894.71,COV00776,Closed,6697.67,18014.71,Correct
CLM000627,EXP00777,36616.4,COV00777,Open,13063.5,21345.68,Incorrect
CLM000468,EXP00778,35095.46,COV00778,Open,19038.72,5162.87,Correct
CLM000271,EXP00779,37853.1,COV00779,Closed,21510.3,19988.16,Incorrect
CLM000009,EXP00780,31963.74,COV00780,Open,27702.27,9180.19,Incorrect
CLM000509,EXP00781,23508.01,COV00781,Open,1666.04,14725.25,Incorrect
CLM000493,EXP00782,30889.9,COV00782,Closed,8582.1,20380.27,Correct
CLM000707,EXP00783,2703.86,COV00783,Open,8856.78,20313.14,Correct
CLM000308,EXP00784,13662.0,COV00784,Closed,19877.01,11227.83,Correct
CLM000604,EXP00785,35842.78,COV00785,Open,14829.71,22846.24,Incorrect
CLM000309,EXP00786,34951.98,COV00786,Closed,5782.12,25667.14,Incorrect
CLM000931,EXP00787,25833.32,COV00787,Closed,4456.99,4890.65,Correct
CLM000413,EXP00788,42922.26,COV00788,Open,8784.17,1605.61,Incorrect
CLM000642,EXP00789,27484.42,COV00789,Open,5877.28,10473.61,Correct
CLM000279,EXP00790,38824.9,COV00790,Open,957.27,10094.56,Correct
CLM000744,EXP00791,24669.67,COV00791,Open,22708.29,17254.09,Correct
CLM000757,EXP00792,44120.71,COV00792,Open,2527.21,18235.98,Incorrect
CLM000426,EXP00793,14576.86,COV00793,Open,11465.54,24416.77,Correct
CLM000994,EXP00794,11455.38,COV00794,Closed,19529.35,20767.94,Correct
CLM000110,EXP00795,43271.19,COV00795,Closed,7402.34,2227.18,Correct
CLM000931,EXP00796,26117.43,COV00796,Open,16543.05,24617.97,Incorrect
CLM000646,EXP00797,11417.71,COV00797,Closed,11143.51,11915.06,Correct
CLM000610,EXP00798,15744.24,COV00798,Open,27058.31,16024.0,Incorrect
CLM000580,EXP00799,12421.48,COV00799,Open,22094.98,21631.55,Incorrect
CLM000078,EXP00800,22267.29,COV00800,Closed,10565.8,15946.34,Correct
